Legajo,Nombre,Departamento
1,Laverna,Training
2,Richmond,Human Resources
3,Gaven,Training
4,Jule,Human Resources
5,Ezekiel,Support
6,Lucky,Support
7,Lisette,Product Management
8,Bendite,Research and Development
9,Cherrita,Product Management
10,Fulvia,Support
11,Michal,Legal
12,Erek,Accounting
13,Kincaid,Accounting
14,Federico,Product Management
15,Morten,Marketing
16,Markus,Marketing
17,Rebekkah,Training
18,Emmalynne,Product Management
19,Karoly,Services
20,Madel,Research and Development
21,Sawyere,Accounting
22,Filippa,Product Management
23,Vilhelmina,Sales
24,Kassie,Product Management
25,Adrianna,Legal
26,Jenny,Legal
27,Rici,Research and Development
28,Cori,Services
29,Marianne,Engineering
30,Elyssa,Training
31,Alfie,Business Development
32,Jsandye,Training
33,Jeff,Services
34,Georges,Product Management
35,Marilyn,Accounting
36,Svend,Legal
37,George,Accounting
38,Patsy,Support
39,Stevena,Research and Development
40,Eulalie,Marketing
41,Catlin,Services
42,Cliff,Engineering
43,Luke,Legal
44,Gwenny,Engineering
45,Minny,Research and Development
46,Fidelio,Accounting
47,Sawyere,Sales
48,Sanford,Support
49,Ellerey,Sales
50,Ileane,Support
51,Cynthy,Training
52,Delmor,Human Resources
53,Charlena,Services
54,Von,Business Development
55,Otis,Accounting
56,Dora,Research and Development
57,Lucius,Services
58,Guthrie,Support
59,Inger,Support
60,Dorita,Human Resources
61,Marcia,Accounting
62,Sula,Marketing
63,Julianne,Services
64,Alia,Research and Development
65,Leonelle,Engineering
66,Nehemiah,Legal
67,Brett,Engineering
68,Christophorus,Support
69,Nikos,Engineering
70,Babara,Services
71,Shadow,Training
72,Karita,Accounting
73,Benedikt,Research and Development
74,Donn,Services
75,Roarke,Product Management
76,Felizio,Engineering
77,Rhody,Services
78,Delinda,Legal
79,Adrea,Sales
80,Jany,Support
81,Colman,Training
82,Brad,Training
83,Steward,Engineering
84,Vance,Accounting
85,Kaitlin,Sales
86,Gaspar,Engineering
87,Hadley,Training
88,Yoshiko,Legal
89,Gennifer,Support
90,Davis,Product Management
91,Enoch,Research and Development
92,Fabiano,Human Resources
93,Mersey,Legal
94,Kipp,Training
95,Dean,Sales
96,Rosemary,Support
97,Fayina,Product Management
98,Ingelbert,Business Development
99,Leoline,Support
100,Bamby,Support
101,Ly,Product Management
102,Berri,Training
103,Paten,Research and Development
104,Linda,Business Development
105,Sherill,Product Management
106,Roger,Training
107,Cleveland,Legal
108,Boycie,Legal
109,Erina,Product Management
110,Baily,Human Resources
111,Sharla,Business Development
112,Gifford,Human Resources
113,Erl,Support
114,Jackqueline,Legal
115,Fredric,Sales
116,Celine,Legal
117,Calida,Human Resources
118,Selig,Training
119,Robinson,Support
120,Carmita,Marketing
121,Jillane,Human Resources
122,Basilius,Engineering
123,Gratiana,Accounting
124,Ewen,Accounting
125,Sandy,Research and Development
126,Christi,Business Development
127,Abby,Support
128,Kynthia,Legal
129,Nils,Sales
130,Opal,Research and Development
131,Dav,Product Management
132,Mechelle,Marketing
133,Thatcher,Accounting
134,Anneliese,Support
135,Liesa,Business Development
136,Fitz,Business Development
137,Rhonda,Legal
138,Elwyn,Marketing
139,Osborne,Engineering
140,Murvyn,Business Development
141,Hobie,Engineering
142,Steffane,Engineering
143,Saul,Research and Development
144,Trumann,Engineering
145,Clio,Research and Development
146,Moria,Marketing
147,Gina,Services
148,Robin,Business Development
149,Pattin,Research and Development
150,Lauraine,Training
151,Lauralee,Support
152,Cecil,Engineering
153,Doralynne,Sales
154,Florette,Sales
155,Norina,Legal
156,Alysia,Sales
157,Bryant,Business Development
158,Olivier,Product Management
159,Gerome,Human Resources
160,Martainn,Training
161,Valentia,Training
162,Emanuel,Research and Development
163,Calley,Marketing
164,Sunny,Engineering
165,Garwood,Business Development
166,Denny,Research and Development
167,Pia,Sales
168,Addie,Human Resources
169,Paul,Services
170,Ker,Sales
171,Brennan,Marketing
172,Terence,Business Development
173,Mead,Support
174,Emilio,Business Development
175,Jervis,Sales
176,Virgilio,Training
177,Savina,Marketing
178,Odo,Human Resources
179,Brittne,Research and Development
180,Hadley,Engineering
181,Yorker,Business Development
182,Shane,Accounting
183,Lynna,Services
184,Maire,Engineering
185,Toiboid,Business Development
186,Kenn,Product Management
187,Jase,Services
188,Wilfred,Support
189,Krispin,Human Resources
190,Valina,Sales
191,Morganne,Services
192,Gerianne,Support
193,Erich,Training
194,Lesley,Services
195,Aurora,Engineering
196,Noella,Sales
197,Ted,Support
198,Seth,Engineering
199,Briggs,Research and Development
200,Fraze,Marketing
